Nodes,Edges,Density,Avg Clustering,Connected Components,Avg Degree
189,1474,0.08296746594618935,0.5193838260125172,52,15.597883597883598
